model,approach,train_acc,train_loss,val_acc,val_loss,diff_loss,diff_acc
Baseline,class weight auto,0.7672892212867737,0.5027729819800493,0.8508064746856691,0.06683078408241272,0.43594219789763655,0.08351725339889537
Baseline,class weight auto,0.8199999928474426,0.44608461981639264,0.7357723712921143,0.13531681895256042,0.3107678008638322,0.08422762155532837
Baseline,class weight auto,0.8109999895095825,0.4397368626110256,0.8608871102333069,0.07662568241357802,0.3631111801974476,0.049887120723724365
Baseline,class weight auto,0.8031297326087952,0.4563298089103468,0.7489837408065796,0.15963052213191986,0.29669928677842694,0.054145991802215576
Baseline,class weight auto,0.7990000247955322,0.4460503573063761,0.8064516186714172,1.0886833667755127,0.6426330094691366,0.00745159387588501
Baseline,class weight auto,0.8619999885559082,0.367918665856123,0.7510162591934204,0.018840882927179337,0.34907778292894365,0.11098372936248779
Baseline,class weight auto,0.7592124938964844,0.5032274474374336,0.7560483813285828,0.6353843212127686,0.13215687377533492,0.0031641125679016113
Baseline,class weight auto,0.8314999938011169,0.38787873681634666,0.8058943152427673,0.24814851582050326,0.1397302209958434,0.02560567855834961
Baseline,class weight auto,0.8445000052452087,0.3814926457498223,0.7459349632263184,0.20038411021232605,0.18110853553749623,0.09856504201889038
Baseline,class weight auto,0.7889954447746277,0.4807808537605975,0.8669354915618896,0.12079109996557234,0.3599897537950251,0.07794004678726196
Baseline,class weight auto,0.8190000057220459,0.4428500385023654,0.7408536672592163,0.3894267976284027,0.05342324087396266,0.07814633846282959
Baseline,class weight auto,0.7955577969551086,0.4739218513090643,0.8447580933570862,0.6340699195861816,0.16014806827711736,0.04920029640197754
Baseline,class weight auto,0.8360000252723694,0.4182595846243203,0.7621951103210449,0.3111783862113953,0.10708119841292496,0.07380491495132446
Baseline,class weight auto,0.8101968765258789,0.4095586416006449,0.7933467626571655,2.512808561325073,2.103249919724428,0.01685011386871338
Baseline,class weight auto,0.8289999961853027,0.4323390836268664,0.8231707215309143,0.2405789792537689,0.1917601043730975,0.005829274654388428
Baseline,class weight auto,0.7590000033378601,0.5164177087694406,0.6930894255638123,0.2745859622955322,0.24183174647390837,0.06591057777404785
Baseline,class weight auto,0.8379606008529663,0.36859711095528996,0.8528226017951965,0.012235547415912151,0.3563615635393778,0.014862000942230225
Baseline,class weight auto,0.8364999890327454,0.4290544407255947,0.7591463327407837,0.20523004233837128,0.2238243983872234,0.07735365629196167
Baseline,class weight auto,0.8240000009536743,0.3973276903294027,0.8689516186714172,0.06032028049230576,0.3370074098370969,0.04495161771774292
Baseline,class weight auto,0.8253407478332521,0.4239976584238124,0.7266260385513306,0.203797310590744,0.22020034783306838,0.0987147092819215
Baseline,class weight auto,0.8730000257492065,0.35212692273315044,0.8276209831237793,1.748368501663208,1.3962415789300575,0.045379042625427246
Baseline,class weight auto,0.8273599147796631,0.4336312923153533,0.7794715166091919,0.07245886325836183,0.3611724290569915,0.04788839817047119
Baseline,class weight auto,0.8234999775886536,0.4020665802434087,0.7701612710952759,0.9387884140014648,0.5367218337580562,0.053338706493377686
Baseline,class weight auto,0.8238263726234436,0.4291380237654446,0.8516260385513306,0.15445074439048767,0.2746872793749569,0.027799665927886963
Baseline,class weight auto,0.8349999785423279,0.4141114785498939,0.744918704032898,0.10882803052663803,0.30528344802325585,0.09008127450942993
Baseline,class weight auto,0.8305000066757202,0.3769042672030628,0.8326612710952759,0.11207115650177002,0.2648331107012928,0.002161264419555664
Baseline,class weight auto,0.7985000014305115,0.4118710143910721,0.75,0.3671525716781616,0.04471844271291048,0.048500001430511475
Baseline,class weight auto,0.8440181612968445,0.3790398003163962,0.8649193644523621,0.338847815990448,0.04019198432594823,0.020901203155517578
Baseline,class weight auto,0.8209999799728394,0.437272135282401,0.7703251838684082,0.4389463365077973,0.001674201225396299,0.05067479610443115
Baseline,class weight auto,0.8569999933242798,0.3621963030332699,0.7852822542190552,1.455268144607544,1.093071841574274,0.07171773910522461
InceptionV3,feature extraction data augmentation FC,0.699999988079071,0.6707521685957909,0.7530242204666138,0.9450291395187378,0.2742769709229469,0.053024232387542725
InceptionV3,feature extraction data augmentation FC,0.6961130499839783,0.6358347271260201,0.7693089246749878,0.7873419523239136,0.1515072251978935,0.07319587469100952
InceptionV3,feature extraction data augmentation FC,0.7269999980926514,0.6003756655752659,0.7620967626571655,0.6301959156990051,0.029820250123739234,0.03509676456451416
InceptionV3,feature extraction data augmentation FC,0.7354871034622192,0.6020626382717035,0.7611788511276245,0.6499531269073486,0.047890488635645156,0.025691747665405273
InceptionV3,feature extraction data augmentation FC,0.7544999718666077,0.5783067414164543,0.7580645084381104,1.0610003471374512,0.48269360572099684,0.0035645365715026855
InceptionV3,feature extraction data augmentation FC,0.7501261830329895,0.5796968062558239,0.7611788511276245,0.6327842473983765,0.053087441142552594,0.01105266809463501
InceptionV3,feature extraction data augmentation GAP,0.5406360626220703,0.7090681204586424,0.6048387289047241,0.5693639516830444,0.139704168775598,0.06420266628265381
InceptionV3,feature extraction data augmentation GAP,0.6499999761581421,0.6564199584722519,0.7215447425842285,0.649187445640564,0.0072325128316879095,0.07154476642608643
InceptionV3,feature extraction data augmentation GAP,0.7120000123977661,0.6066071698069573,0.7439516186714172,0.5973535776138306,0.009253592193126714,0.03195160627365112
InceptionV3,feature extraction data augmentation GAP,0.7174999713897705,0.6005728164315224,0.7439024448394775,1.2578165531158447,0.6572437366843223,0.02640247344970703
InceptionV3,fine tuning FC,0.718999981880188,0.6370667639374733,0.7560483813285828,0.4045498967170715,0.23251686722040182,0.037048399448394775
InceptionV3,fine tuning FC,0.7480000257492065,0.5943849426507951,0.7682926654815674,0.6326837539672852,0.038298811316490045,0.02029263973236084
InceptionV3,fine tuning FC,0.7107521295547485,0.6272665390849174,0.7560483813285828,0.5019702315330505,0.12529630755186683,0.04529625177383423
InceptionV3,fine tuning FC,0.7309439778327942,0.5863960044122838,0.7733739614486694,0.5163033604621887,0.07009264395009507,0.042429983615875244
InceptionV3,fine tuning GAP,0.7344775199890137,0.5866709695146398,0.7288306355476379,0.512799859046936,0.07387111046770378,0.005646884441375732
InceptionV3,fine tuning GAP,0.75,0.5788094061613083,0.7205284833908081,0.4880477786064148,0.09076162755489348,0.029471516609191895
InceptionV3,fine tuning GAP,0.7491165995597839,0.5504711940997421,0.7610887289047241,0.5006834864616394,0.049787707638102696,0.011972129344940186
InceptionV3,fine tuning GAP,0.7505000233650208,0.5685632908344269,0.755081295967102,0.5775207281112671,0.008957437276840174,0.004581272602081299
InceptionV3,fine tuning GAP,0.7595000267028809,0.5393964117765426,0.7600806355476379,0.565215528011322,0.025819116234779393,0.0005806088447570801
InceptionV3,feature extraction without data augmentation FC,0.7267338633537292,0.6647353583328149,0.780063271522522,0.5116352068283889,0.15310015150442602,0.053329408168792725
InceptionV3,feature extraction without data augmentation FC,0.7561746835708618,0.5393916273383231,0.7863923907279968,0.5113670049777513,0.028024622360571794,0.03021770715713501
InceptionV3,feature extraction without data augmentation FC,0.7850227355957031,0.4925321968170381,0.7895569801330566,0.5187123000055929,0.026180103188554793,0.004534244537353516
InceptionV3,feature extraction without data augmentation FC,0.7846275568008423,0.4712434834713251,0.7848101258277893,0.4994562823749796,0.028212798903654468,0.00018256902694702148
InceptionV3,feature extraction without data augmentation FC,0.8016202449798584,0.4525692366406607,0.7895569801330566,0.5385752871066709,0.08600605046601023,0.012063264846801758
InceptionV3,feature extraction without data augmentation FC,0.8061648011207581,0.4349577566117455,0.7895569801330566,0.48296710084888006,0.048009344237134544,0.016607820987701416
InceptionV3,feature extraction without data augmentation FC,0.8203912377357483,0.40780267091436695,0.7958860993385315,0.4850750554211532,0.07727238450678625,0.024505138397216797
InceptionV3,feature extraction without data augmentation FC,0.8259237408638,0.3935252148345204,0.7958860993385315,0.4883390599036518,0.09481384506913137,0.030037641525268555
InceptionV3,feature extraction without data augmentation FC,0.8314562439918518,0.3797587379364187,0.7848101258277893,0.4825503065993514,0.10279156866293271,0.0466461181640625
InceptionV3,feature extraction without data augmentation FC,0.8399525880813599,0.3670090091766411,0.7816455960273743,0.4760452126966247,0.10903620351998361,0.058306992053985596
InceptionV3,feature extraction without data augmentation FC,0.8480537533760071,0.3503192822029161,0.7832278609275818,0.48395640337014506,0.13363712116722898,0.06482589244842529
InceptionV3,feature extraction without data augmentation FC,0.8561549186706543,0.3355280779790876,0.7863923907279968,0.5327019502373436,0.19717387225825594,0.06976252794265747
InceptionV3,feature extraction without data augmentation FC,0.8577356338500977,0.32709970977838226,0.7927215099334717,0.4924904164634174,0.16539070668503514,0.06501412391662598
InceptionV3,feature extraction without data augmentation GAP,0.7470855712890625,0.5651872307282972,0.7863923907279968,0.5120150743028785,0.053172156425418726,0.039306819438934326
InceptionV3,feature extraction without data augmentation GAP,0.7700059413909912,0.5086441465197663,0.7784810066223145,0.5043256912804857,0.00431845523928065,0.008475065231323242
InceptionV3,feature extraction without data augmentation GAP,0.7822564840316772,0.4811499920393775,0.7689873576164246,0.514600086438505,0.03345009439912744,0.013269126415252686
InceptionV3,feature extraction without data augmentation GAP,0.7947046160697937,0.4607832842406914,0.7832278609275818,0.4939895765502242,0.03320629230953276,0.011476755142211914
InceptionV3,feature extraction without data augmentation GAP,0.8016202449798584,0.4365842250396413,0.6930379867553711,0.6050173400700847,0.1684331150304434,0.1085822582244873
InceptionV3,feature extraction without data augmentation GAP,0.7996443510055542,0.4452187655468958,0.7816455960273743,0.5036615103105956,0.05844274476369976,0.01799875497817993
InceptionV3,feature extraction without data augmentation GAP,0.8087334632873535,0.4213273886269529,0.7848101258277893,0.4986148186122315,0.0772874299852786,0.02392333745956421
MobileNetV2,FC fine tuning,0.6815000176429749,0.8195693039894104,0.7620967626571655,0.5461293458938599,0.27343995809555055,0.08059674501419067
MobileNetV2,FC fine tuning,0.7145000100135803,0.705888144671917,0.744918704032898,0.5259849429130554,0.17990320175886154,0.030418694019317627
MobileNetV2,FC fine tuning,0.7082281708717346,0.6765192773292787,0.7560483813285828,0.3453752100467682,0.33114406728251056,0.047820210456848145
MobileNetV2,FC fine tuning,0.7183240652084351,0.6325899342028918,0.7652438879013062,0.2985585331916809,0.33403140101121087,0.046919822692871094
MobileNetV2,FC fine tuning,0.7459999918937683,0.625872730910778,0.7701612710952759,0.7143409848213196,0.08846825391054158,0.02416127920150757
MobileNetV2,FC fine tuning,0.7544999718666077,0.5684925493597984,0.7489837408065796,0.4188753068447113,0.14961724251508712,0.005516231060028076
MobileNetV2,FC fine tuning,0.74659264087677,0.551966306869578,0.7661290168762207,0.4786499440670013,0.07331636280257675,0.019536375999450684
MobileNetV2,feature extraction data augmentation FC,0.6629999876022339,0.8242451938986778,0.7318548560142517,0.6463688015937805,0.17787639230489727,0.06885486841201782
MobileNetV2,feature extraction data augmentation FC,0.6956082582473755,0.7091264463321751,0.755081295967102,0.3048993647098541,0.404227081622321,0.05947303771972656
MobileNetV2,feature extraction data augmentation FC,0.7279999852180481,0.6276918965578079,0.7389112710952759,0.5804067850112915,0.04728511154651638,0.010911285877227783
MobileNetV2,feature extraction data augmentation FC,0.7085000276565552,0.6474231983721256,0.7398374080657959,0.6109258532524109,0.0364973451197147,0.03133738040924072
MobileNetV2,feature extraction data augmentation FC,0.7415000200271606,0.583093637675047,0.7520161271095276,0.6675237417221069,0.08443010404705997,0.010516107082366943
MobileNetV2,feature extraction data augmentation GAP,0.4699646532535553,0.8002568200523958,0.36794355511665344,0.8151283264160156,0.01487150636361978,0.10202109813690186
MobileNetV2,feature extraction data augmentation GAP,0.5669999718666077,0.7137498390674591,0.4126016199588776,0.8783820867538452,0.16463224768638607,0.15439835190773005
MobileNetV2,feature extraction data augmentation GAP,0.6380000114440918,0.6407718822360039,0.5131048560142517,0.8316500782966614,0.19087819606065748,0.12489515542984009
MobileNetV2,feature extraction data augmentation GAP,0.671999990940094,0.6287831953167915,0.5701219439506531,0.7878665924072266,0.15908339709043506,0.10187804698944092
MobileNetV2,feature extraction data augmentation GAP,0.6991418600082397,0.6109841489719658,0.6159273982048035,0.6689150929450989,0.05793094397313303,0.08321446180343628
MobileNetV2,feature extraction data augmentation GAP,0.7145000100135803,0.6081199231743812,0.6321138143539429,0.7578359842300415,0.14971606105566027,0.08238619565963745
MobileNetV2,feature extraction data augmentation GAP,0.7289999723434448,0.5953780281543731,0.6743951439857483,0.7986501455307007,0.20327211737632755,0.05460482835769653
MobileNetV2,feature extraction data augmentation GAP,0.7274103760719299,0.5987476964962115,0.6727642416954039,0.5641973614692688,0.03455033502694271,0.05464613437652599
MobileNetV2,feature extraction data augmentation GAP,0.7444999814033508,0.5807796633243559,0.6656504273414612,0.4683861136436462,0.11239354968070975,0.07884955406188965
MobileNetV2,feature extraction data augmentation GAP,0.7274103760719299,0.6047257232972915,0.6854838728904724,0.4847816526889801,0.11994407060831136,0.04192650318145752
MobileNetV2,feature extraction data augmentation GAP,0.7394999861717224,0.5908464965224266,0.6554877758026123,0.820591926574707,0.22974543005228043,0.08401221036911011
MobileNetV2,feature extraction data augmentation GAP,0.7490000128746033,0.5704722782969475,0.6885080933570862,0.7806379199028015,0.21016564160585405,0.06049191951751709
MobileNetV2,fine tuning GAP,0.5951539874076843,0.6791317922969108,0.7046371102333069,0.6867471933364868,0.007615401039576031,0.10948312282562256
MobileNetV2,fine tuning GAP,0.6924999952316284,0.6005007788538933,0.7195122241973877,0.6205901503562927,0.020089371502399422,0.027012228965759277
MobileNetV2,fine tuning GAP,0.7254999876022339,0.5615211108326912,0.7358871102333069,0.44414371252059937,0.11737739831209182,0.010387122631072998
MobileNetV2,fine tuning GAP,0.7465000152587891,0.5396888217329979,0.7418699264526367,0.4992018640041351,0.04048695772886285,0.004630088806152344
MobileNetV2,fine tuning GAP,0.7713276147842407,0.512756623865558,0.7389112710952759,0.6438551545143127,0.13109853064875476,0.032416343688964844
MobileNetV2,fine tuning GAP,0.7699999809265137,0.5058674228191375,0.7296748161315918,0.7933983802795409,0.28753095746040336,0.040325164794921875
MobileNetV2,feature extraction without data augmentation FC,0.7510373592376709,0.5961139706890707,0.7943037748336792,0.5043815288551247,0.09173244183394602,0.0432664155960083
MobileNetV2,feature extraction without data augmentation FC,0.8008298873901367,0.4625311786302628,0.797468364238739,0.4973443411762201,0.034813162545957343,0.003361523151397705
MobileNetV2,feature extraction without data augmentation FC,0.8219719529151917,0.418860920967497,0.8022152185440063,0.4962967303168925,0.07743580934939548,0.019756734371185303
MobileNetV2,feature extraction without data augmentation FC,0.8379766941070557,0.3807904075973238,0.797468364238739,0.4979017778665205,0.11711137026919671,0.04050832986831665
MobileNetV2,feature extraction without data augmentation FC,0.8565500974655151,0.3479162497238735,0.7990506291389465,0.518565187914462,0.17064893819058852,0.057499468326568604
MobileNetV2,feature extraction without data augmentation FC,0.8624777793884277,0.33030260845134024,0.8022152185440063,0.5413595965202851,0.21105698806894485,0.06026256084442139
MobileNetV2,feature extraction without data augmentation GAP,0.7694131731987,0.5304096965827718,0.7990506291389465,0.4854103438084639,0.044999352774307944,0.029637455940246582
MobileNetV2,feature extraction without data augmentation GAP,0.7998419404029846,0.4604372812916794,0.8037974834442139,0.4659062633408776,0.005468982049198212,0.003955543041229248
MobileNetV2,feature extraction without data augmentation GAP,0.8116973042488098,0.4365879454512154,0.797468364238739,0.4649606899747366,0.02837274452352123,0.0142289400100708
MobileNetV2,feature extraction without data augmentation GAP,0.8192057013511658,0.4248929907713359,0.8022152185440063,0.4616075516501559,0.03671456087881997,0.016990482807159424
MobileNetV2,feature extraction without data augmentation GAP,0.8229598999023438,0.4206098772171716,0.797468364238739,0.46086015467402297,0.04025027745685139,0.025491535663604736
MobileNetV2,feature extraction without data augmentation GAP,0.8205888271331787,0.4095248003453281,0.8022152185440063,0.4629726907874964,0.0534478904421683,0.018373608589172363
MobileNetV2,feature extraction without data augmentation GAP,0.8263189196586609,0.3993902596704128,0.7927215099334717,0.4584450865093666,0.0590548268389538,0.03359740972518921
MobileNetV2,feature extraction without data augmentation GAP,0.8288875818252563,0.3955927506734015,0.797468364238739,0.4525546791810024,0.0569619285076009,0.031419217586517334
MobileNetV2,feature extraction without data augmentation GAP,0.8294803500175476,0.39323337565068905,0.797468364238739,0.4554636048365242,0.06223022918583515,0.032011985778808594
MobileNetV2,feature extraction without data augmentation GAP,0.8356056213378906,0.3866011114624314,0.8053797483444214,0.4535797849486146,0.0669786734861832,0.03022587299346924
MobileNetV2,feature extraction without data augmentation GAP,0.8401501774787903,0.3812029967575859,0.7911392450332642,0.4475921432051477,0.06638914644756178,0.04901093244552612
MobileNetV2,feature extraction without data augmentation GAP,0.8419284820556641,0.3748247371568784,0.7958860993385315,0.4488041627256176,0.07397942556873915,0.04604238271713257
MobileNetV2,feature extraction without data augmentation GAP,0.8387670516967773,0.37144982111098335,0.800632894039154,0.4583734677562231,0.08692364664523977,0.03813415765762329
MobileNetV2,feature extraction without data augmentation GAP,0.8454850912094116,0.3701270146634392,0.8053797483444214,0.4529340304905855,0.08280701582714628,0.040105342864990234
ResNet152V2,feature extraction data augmentation FC,0.6547198295593262,0.9105124942796632,0.75,0.6044183373451233,0.3060941569345399,0.09528017044067383
ResNet152V2,feature extraction data augmentation FC,0.6855000257492065,0.752993861734867,0.75,1.0981252193450928,0.34513135761022573,0.06449997425079346
ResNet152V2,feature extraction data augmentation FC,0.7087329626083374,0.6845798058259494,0.7610887289047241,0.9021459817886353,0.2175661759626859,0.05235576629638672
ResNet152V2,feature extraction data augmentation FC,0.7319999933242798,0.6366418784856797,0.7733739614486694,0.22735103964805606,0.4092908388376236,0.04137396812438965
ResNet152V2,feature extraction data augmentation FC,0.7245000004768372,0.6310650840401649,0.7550403475761414,0.4248153567314148,0.20624972730875013,0.0305403470993042
ResNet152V2,feature extraction data augmentation FC,0.7450782656669617,0.5836922220362972,0.7632113695144653,1.2352259159088137,0.6515336938725165,0.018133103847503662
ResNet152V2,feature extraction data augmentation FC,0.7264999747276306,0.6251602572202682,0.7772177457809448,0.5595753788948059,0.06558487832546234,0.05071777105331421
ResNet152V2,feature extraction data augmentation GAP,0.4911660850048065,0.7397033899255259,0.5141128897666931,0.7514266967773438,0.011723306851817883,0.022946804761886597
ResNet152V2,feature extraction data augmentation GAP,0.590499997138977,0.6779738980531692,0.5853658318519592,0.9987298846244812,0.320755986571312,0.005134165287017822
ResNet152V2,feature extraction data augmentation GAP,0.6617869734764099,0.6398797222816962,0.6310483813285828,0.6349080204963684,0.004971701785327798,0.03073859214782715
ResNet152V2,feature extraction data augmentation GAP,0.6685000061988831,0.6422944357991218,0.6524389982223511,0.5107308626174927,0.13156357318162915,0.016061007976531982
ResNet152V2,feature extraction data augmentation GAP,0.7064999938011169,0.6036523708701134,0.6522177457809448,0.9972206354141236,0.3935682645440103,0.05428224802017212
ResNet152V2,feature extraction data augmentation GAP,0.7114999890327454,0.6180572158098221,0.6788617968559265,0.5679911375045776,0.050066078305244455,0.03263819217681885
ResNet152V2,feature extraction data augmentation GAP,0.7102473378181458,0.6205476023583988,0.6794354915618896,0.6690574884414673,0.0485098860830685,0.030811846256256104
ResNet152V2,fine tuning FC,0.6976274847984314,0.7921722378320372,0.7620967626571655,0.6404281854629517,0.1517440523690855,0.06446927785873413
ResNet152V2,fine tuning FC,0.7145000100135803,0.732264112830162,0.7652438879013062,1.206729292869568,0.4744651800394061,0.05074387788772583
ResNet152V2,fine tuning FC,0.7077233791351318,0.6758396102812241,0.7620967626571655,0.4881506860256195,0.18768892425560457,0.05437338352203369
ResNet152V2,fine tuning FC,0.7039999961853027,0.6830697259306908,0.7428861856460571,0.4472501277923584,0.23581959813833242,0.038886189460754395
ResNet152V2,fine tuning FC,0.7275000214576721,0.6156669411063195,0.7711693644523621,0.22511057555675507,0.3905563655495644,0.04366934299468994
ResNet152V2,fine tuning FC,0.7319535613059998,0.5744522635170091,0.7621951103210449,0.8328987360000609,0.25844647248305186,0.030241549015045166
ResNet152V2,fine tuning FC,0.7455000281333923,0.6136625012755395,0.7631048560142517,0.6224783062934875,0.008815805017948097,0.017604827880859375
ResNet152V2,fine tuning FC,0.7279999852180481,0.6042572075128555,0.7469512224197388,0.4898052215576172,0.11445198595523831,0.018951237201690674
ResNet152V2,fine tuning GAP,0.6179999709129333,0.6651934590935707,0.7379032373428345,0.5713601112365723,0.09383334785699848,0.11990326642990112
ResNet152V2,fine tuning GAP,0.7160000205039978,0.5785900223255157,0.7815040946006775,0.4519332945346832,0.12665672779083248,0.06550407409667969
ResNet152V2,fine tuning GAP,0.7571933269500732,0.5503732307067969,0.7641128897666931,0.5037111639976501,0.04666206670914674,0.006919562816619873
ResNet152V2,fine tuning GAP,0.7649999856948853,0.5368755635619163,0.7754064798355103,0.35401543974876404,0.1828601238131523,0.010406494140625
ResNet152V2,fine tuning GAP,0.7819283008575441,0.5165292049886481,0.7651209831237793,0.8232704401016235,0.30674123511297546,0.01680731773376476
ResNet152V2,fine tuning GAP,0.7718324065208435,0.5197794426877591,0.7693089246749878,0.6666918992996216,0.14691245661186247,0.002523481845855713
ResNet152V2,fine tuning GAP,0.781499981880188,0.4991131782531738,0.7802419066429138,0.563797652721405,0.06468447446823122,0.00125807523727417
ResNet152V2,feature extraction without data augmentation FC,0.7405651211738586,0.6596882531845953,0.7642405033111572,0.5229695471404474,0.13671870604414793,0.023675382137298584
ResNet152V2,feature extraction without data augmentation FC,0.7970756888389587,0.4846949370879804,0.7784810066223145,0.5382615510798707,0.05356661399189033,0.018594682216644287
ResNet152V2,feature extraction without data augmentation FC,0.8205888271331787,0.4307857734680977,0.7721518874168396,0.5483416452815261,0.11755587181342836,0.04843693971633911
ResNet152V2,feature extraction without data augmentation FC,0.8435091972351074,0.3840813806531312,0.7594936490058899,0.5455994324970849,0.16151805184395368,0.08401554822921753
ResNet152V2,feature extraction without data augmentation GAP,0.770401120185852,0.5314145145315446,0.7927215099334717,0.4869977709236024,0.04441674360794223,0.02232038974761963
ResNet152V2,feature extraction without data augmentation GAP,0.7895672917366028,0.4724190323467288,0.780063271522522,0.4807872317637069,0.00836819941697814,0.00950402021408081
ResNet152V2,feature extraction without data augmentation GAP,0.7970756888389587,0.4538502847252098,0.7958860993385315,0.4827719165743152,0.0289216318491054,0.001189589500427246
ResNet152V2,feature extraction without data augmentation GAP,0.8065599799156189,0.43152665461836254,0.800632894039154,0.4675111478265328,0.035984493208170265,0.005927085876464844
ResNet152V2,feature extraction without data augmentation GAP,0.8152539134025574,0.4168410626142728,0.797468364238739,0.4645428167113775,0.0477017540971047,0.01778554916381836
ResNet152V2,feature extraction without data augmentation GAP,0.8203912377357483,0.40698285607263707,0.7927215099334717,0.4744337581192391,0.06745090204660203,0.02766972780227661
ResNet152V2,feature extraction without data augmentation GAP,0.8231574892997742,0.3995636494981515,0.7958860993385315,0.4734338925609106,0.07387024306275913,0.027271389961242676
ResNet152V2,feature extraction without data augmentation GAP,0.827306866645813,0.38742979470036104,0.7848101258277893,0.4860024880382079,0.09857269333784685,0.04249674081802368
VGG16,feature extraction data augmentation FC,0.7419999837875366,0.5939450812339783,0.7570564746856691,0.6872727274894714,0.09332764625549317,0.015056490898132435
VGG16,feature extraction data augmentation FC,0.7405350804328918,0.5825358241992067,0.767276406288147,0.4470052719116211,0.1355305522875856,0.026741325855255127
VGG16,feature extraction data augmentation FC,0.7444999814033508,0.5645799666643143,0.7671371102333069,0.4554279744625092,0.1091519922018051,0.022637128829956055
VGG16,feature extraction data augmentation FC,0.7605000138282776,0.5534150552749634,0.7794715166091919,0.5296697020530701,0.023745353221893306,0.018971502780914307
VGG16,feature extraction data augmentation FC,0.7748611569404602,0.5184122863696237,0.7711693644523621,0.5907370448112488,0.07232475844162511,0.0036917924880981445
VGG16,feature extraction data augmentation GAP,0.2317011654376984,0.8764924143132148,0.22580644488334656,0.8781765103340149,0.0016840960208001077,0.005894720554351834
VGG16,feature extraction data augmentation GAP,0.24549999833106995,0.847807452082634,0.25,0.8495324850082397,0.001725032925605774,0.004500001668930054
VGG16,feature extraction data augmentation GAP,0.2294999957084656,0.8308870679140091,0.24294355511665344,0.7877722978591919,0.04311477005481723,0.013443559408187838
VGG16,feature extraction data augmentation GAP,0.2529025673866272,0.8012433085460846,0.2560975551605225,0.8040706515312195,0.002827342985134873,0.003194987773895319
VGG16,feature extraction data augmentation GAP,0.27549999952316284,0.7790136605501174,0.2681451737880707,0.7924724817276001,0.01345882117748265,0.007354825735092163
VGG16,feature extraction data augmentation GAP,0.28850001096725464,0.7610253852605819,0.29674795269966125,0.7838109731674194,0.02278558790683749,0.008247941732406616
VGG16,feature extraction data augmentation GAP,0.3255931437015533,0.7421882298785829,0.3296371102333069,0.7648598551750183,0.022671625296435405,0.0040439665317535956
VGG16,feature extraction data augmentation GAP,0.3720000088214874,0.7241482388973236,0.3455284535884857,0.7388243079185486,0.01467606902122498,0.02647155523300171
VGG16,feature extraction data augmentation GAP,0.4154999852180481,0.7119472080469131,0.4054878056049347,0.7726669311523438,0.06071972310543061,0.010012179613113403
VGG16,feature extraction data augmentation GAP,0.4916708767414093,0.6952919020067857,0.4838709533214569,0.7002707719802856,0.004978869973499944,0.007799923419952393
VGG16,feature extraction data augmentation GAP,0.5644999742507935,0.6825475257635116,0.5457317233085632,0.6725214719772339,0.010026053786277744,0.018768250942230225
VGG16,feature extraction data augmentation GAP,0.6179999709129333,0.671149228811264,0.5836693644523621,0.6668938398361206,0.004255388975143437,0.03433060646057129
VGG16,feature extraction data augmentation GAP,0.6733973026275635,0.6593821106806721,0.630081295967102,0.6591418981552124,0.00024021252545969318,0.043316006660461426
VGG16,feature extraction data augmentation GAP,0.7245000004768372,0.6473660403490067,0.6925403475761414,0.6798073053359985,0.03244126498699185,0.0319596529006958
VGG16,feature extraction data augmentation GAP,0.7213528752326965,0.6421957820247726,0.7113820910453796,0.6123231649398804,0.029872617084892195,0.009970784187316895
VGG16,feature extraction data augmentation GAP,0.7384999990463257,0.6331704062223434,0.7469512224197388,0.6114344000816345,0.02173600614070892,0.008451223373413086
VGG16,feature extraction data augmentation GAP,0.74659264087677,0.6257752487600482,0.7489919066429138,0.6374393701553345,0.011664121395286275,0.002399265766143799
VGG16,feature extraction data augmentation GAP,0.7773851752281189,0.6052605934903695,0.7530487775802612,0.6988524198532104,0.09359182636284091,0.024336397647857666
VGG16,feature extraction data augmentation GAP,0.7655000090599059,0.6052588790655136,0.7651209831237793,0.6163859367370605,0.01112705767154698,0.00037902593612659796
VGG16,fine tuning FC,0.7324583530426025,0.5895245626365699,0.7691532373428345,0.5029285550117493,0.08659600762482067,0.036694884300231934
VGG16,fine tuning FC,0.75,0.5519521751999855,0.767276406288147,0.6254697442054749,0.07351756900548934,0.017276406288146973
VGG16,fine tuning FC,0.7689999938011169,0.5265073052048683,0.7832661271095276,0.33970850706100464,0.1867987981438637,0.014266133308410645
VGG16,fine tuning FC,0.7655000090599059,0.5198668754100799,0.7886179089546204,0.39538824558258057,0.12447862982749935,0.023117899894714466
VGG16,fine tuning FC,0.7925290465354919,0.4944570080190521,0.7782257795333862,0.4510704576969147,0.04338655032213745,0.014303267002105713
VGG16,fine tuning FC,0.7910146117210388,0.4884936338960974,0.792682945728302,0.3916354179382324,0.09685821595786498,0.0016683340072631836
VGG16,fine tuning GAP,0.7595000267028809,0.5316175866127014,0.7762096524238586,0.37534451484680176,0.15627307176589966,0.016709625720977783
VGG16,fine tuning GAP,0.7849571108818054,0.5004688990741953,0.7865853905677795,0.3373091518878937,0.16315974718630166,0.001628279685974121
VGG16,fine tuning GAP,0.7745000123977661,0.5151073813438416,0.7953628897666931,0.6553010940551758,0.14019371271133418,0.020862877368927002
VGG16,fine tuning GAP,0.7960625886917114,0.4673709625219348,0.792682945728302,0.5224087834358215,0.05503782091388676,0.003379642963409424
VGG16,fine tuning GAP,0.7894999980926514,0.4789520446956158,0.78125,0.5888185501098633,0.10986650541424747,0.008249998092651367
VGG16,feature extraction without data augmentation FC,0.7626951336860657,0.5478456329036857,0.7848101258277893,0.5010804231219654,0.046765209781720274,0.022114992141723633
VGG16,feature extraction without data augmentation FC,0.7775143384933472,0.5107463949419392,0.7863923907279968,0.4909719014658204,0.01977449347611876,0.008878052234649658
VGG16,feature extraction without data augmentation FC,0.7893697023391724,0.4867343562873214,0.7895569801330566,0.4926460967222346,0.00591174043491316,0.00018727779388427734
VGG16,feature extraction without data augmentation FC,0.7937166690826416,0.4780431539585788,0.7943037748336792,0.475371657858921,0.002671496099657833,0.0005871057510375977
VGG16,feature extraction without data augmentation FC,0.7968780994415283,0.4671495029210714,0.7863923907279968,0.4897258019522776,0.022576299031206226,0.010485708713531494
VGG16,feature extraction without data augmentation FC,0.7962853312492371,0.4597421006366354,0.7990506291389465,0.4690297163928611,0.00928761575622572,0.0027652978897094727
VGG16,feature extraction without data augmentation FC,0.8033985495567322,0.4569217998904688,0.8022152185440063,0.4658229076598264,0.008901107769357597,0.00118333101272583
VGG16,feature extraction without data augmentation FC,0.8073503375053406,0.4456968680480515,0.8037974834442139,0.4635593239453775,0.017862455897326046,0.003552854061126709
VGG16,feature extraction without data augmentation FC,0.8091286420822144,0.4397977319787293,0.7990506291389465,0.4763437833967088,0.03654605141797951,0.010078012943267822
VGG16,feature extraction without data augmentation FC,0.8105117678642273,0.43592745338332345,0.8037974834442139,0.4665626528896863,0.030635199506362842,0.006714284420013428
VGG16,feature extraction without data augmentation FC,0.8130804300308228,0.4328804533458279,0.8037974834442139,0.4636372916306121,0.030756838284784205,0.009282946586608887
VGG16,feature extraction without data augmentation GAP,0.7621023654937744,0.5338915097126964,0.7658227682113647,0.521886784819108,0.012004724893588392,0.003720402717590332
VGG16,feature extraction without data augmentation GAP,0.7702035307884216,0.5111911784069172,0.7848101258277893,0.5070730249715757,0.004118153435341498,0.014606595039367676
VGG16,feature extraction without data augmentation GAP,0.7832444310188293,0.5003556422690492,0.7863923907279968,0.5012867698752428,0.0009311276061936269,0.0031479597091674805
VGG16,feature extraction without data augmentation GAP,0.7854179143905641,0.4938478298018606,0.7832278609275818,0.496220752502544,0.0023729227006833997,0.0021900534629822888
VGG16,feature extraction without data augmentation GAP,0.7842323780059814,0.4894422886841996,0.7848101258277893,0.4974691632050502,0.008026874520850602,0.0005777478218078613
VGG16,feature extraction without data augmentation GAP,0.7850227355957031,0.4854439335115765,0.7848101258277893,0.4919371085265015,0.006493175014925023,0.00021260976791381836
VGG16,feature extraction without data augmentation GAP,0.7887769341468811,0.4821127055014482,0.7863923907279968,0.4896569382163543,0.007544232714906118,0.0023845434188842773
VGG16,feature extraction without data augmentation GAP,0.7897648811340332,0.4789369861685318,0.7863923907279968,0.4894408809044693,0.010503894735937491,0.003372490406036377
VGG16,feature extraction without data augmentation GAP,0.7917407751083374,0.4772253272279499,0.7863923907279968,0.4847750766556474,0.007549749427697483,0.005348384380340576
VGG16,feature extraction without data augmentation GAP,0.7933214902877808,0.4744300100613055,0.797468364238739,0.4872628616381295,0.012832851576824011,0.004146873950958252
VGG16,feature extraction without data augmentation GAP,0.7962853312492371,0.4714784963261443,0.7879746556282043,0.4828459925100773,0.011367496183933012,0.008310675621032715
VGG16,feature extraction without data augmentation GAP,0.7960877418518066,0.4707884793945439,0.7879746556282043,0.4818771530555773,0.011088673661033444,0.008113086223602295
VGG16,feature extraction without data augmentation GAP,0.79766845703125,0.4696013713849908,0.7879746556282043,0.4790339949953405,0.009432623610349689,0.009693801403045654
VGG16,feature extraction without data augmentation GAP,0.7970756888389587,0.4679278997747448,0.7911392450332642,0.4776617931791498,0.009733893404405003,0.00593644380569458
VGG16,feature extraction without data augmentation GAP,0.7986564040184021,0.4646232855034968,0.7911392450332642,0.4768528063086015,0.012229520805104699,0.0075171589851379395
VGG16,feature extraction without data augmentation GAP,0.7982612252235413,0.4628651782449256,0.7958860993385315,0.4755339464997944,0.01266876825486879,0.0023751258850097656
VGG16,feature extraction without data augmentation GAP,0.8004347085952759,0.4626613788879382,0.8037974834442139,0.4753605473456504,0.01269916845771224,0.0033627748489379883
VGG16,feature extraction without data augmentation GAP,0.8004347085952759,0.4610890053555655,0.7958860993385315,0.473626429615896,0.012537424260330499,0.004548609256744385
VGG16,feature extraction without data augmentation GAP,0.7988539934158325,0.4592182730066755,0.797468364238739,0.4726915702789645,0.01347329727228902,0.0013856291770935059
VGG16,feature extraction without data augmentation GAP,0.8008298873901367,0.45815420562371595,0.7958860993385315,0.4719007785750341,0.013746572951318148,0.004943788051605225
VGG16,feature extraction without data augmentation GAP,0.8026081919670105,0.4571636062033726,0.797468364238739,0.4708427458624296,0.013679139659056982,0.005139827728271484
VGG16,feature extraction without data augmentation GAP,0.7994467616081238,0.4560487585396571,0.797468364238739,0.4707922398855415,0.01474348134588438,0.0019783973693847656
VGG16,feature extraction without data augmentation GAP,0.7982612252235413,0.45528280961139,0.8037974834442139,0.4715708121657372,0.016288002554347203,0.005536258220672607
VGG16,feature extraction without data augmentation GAP,0.8033985495567322,0.4548209319647488,0.7990506291389465,0.4682020604421821,0.01338112847743328,0.0043479204177856445
VGG16,feature extraction without data augmentation GAP,0.8032009601593018,0.4530665774404049,0.7990506291389465,0.4676201941469048,0.014553616706499906,0.004150331020355225
VGG16,feature extraction without data augmentation GAP,0.8018178343772888,0.4531154679647902,0.7990506291389465,0.4665018907642063,0.013386422799416098,0.002767205238342285
VGG16,feature extraction without data augmentation GAP,0.8028057813644409,0.4523742619274021,0.800632894039154,0.4663206866081757,0.013946424680773617,0.0021728873252868652
VGG16,feature extraction without data augmentation GAP,0.803793728351593,0.4517674941810264,0.797468364238739,0.4655732855766634,0.01380579139563698,0.006325364112854004
VGG16,feature extraction without data augmentation GAP,0.8043864965438843,0.4502015328353112,0.7990506291389465,0.4660346866408481,0.015833153805536848,0.005335867404937744
VGG16,feature extraction without data augmentation GAP,0.8047816753387451,0.4489291155351242,0.797468364238739,0.4650088393989998,0.016079723863875572,0.0073133111000061035
VGG19,feature extraction data augmentation FC,0.7229999899864197,0.6183223006129265,0.7631048560142517,0.5982340574264526,0.020088243186473842,0.04010486602783203
VGG19,feature extraction data augmentation FC,0.7344775199890137,0.5902210687640218,0.7489837408065796,0.8866262435913086,0.2964051748272868,0.014506220817565918
VGG19,feature extraction data augmentation FC,0.7693084478378296,0.5411965631584156,0.7772177457809448,0.3983248770236969,0.14287168613471868,0.007909297943115234
VGG19,feature extraction data augmentation FC,0.7505000233650208,0.5645396825671196,0.7713414430618286,0.5136902332305908,0.050849449336528796,0.02084141969680786
VGG19,feature extraction data augmentation FC,0.7664999961853027,0.5353136193752289,0.7752016186714172,0.5875364542007446,0.05222283482551571,0.008701622486114502
VGG19,feature extraction data augmentation FC,0.7609999775886536,0.5362251517176628,0.7601625919342041,0.5918596982955933,0.05563454657793043,0.0008373856544494629
VGG19,feature extraction data augmentation GAP,0.4790000021457672,0.6987548077106476,0.4717741906642914,0.7459216117858887,0.0471668040752411,0.00722581148147583
VGG19,feature extraction data augmentation GAP,0.5986875295639038,0.6790126033770443,0.5589430928230286,0.6990829706192017,0.020070367242157383,0.039744436740875244
VGG19,feature extraction data augmentation GAP,0.675000011920929,0.6603063106536865,0.6340726017951965,0.6532973647117615,0.007008945941925027,0.04092741012573242
VGG19,feature extraction data augmentation GAP,0.718999981880188,0.6448858618736267,0.6788617968559265,0.6551136970520021,0.010227835178375333,0.040138185024261475
VGG19,feature extraction data augmentation GAP,0.7228672504425049,0.6395381454083127,0.7116935253143309,0.6822423338890076,0.042704188480694905,0.01117372512817394
VGG19,feature extraction data augmentation GAP,0.7245000004768372,0.6306131023168564,0.7215447425842285,0.6762359142303467,0.04562281191349027,0.0029552578926086426
VGG19,fine tuning FC,0.7415446639060974,0.5829326882168598,0.7600806355476379,0.6561199426651001,0.07318725444824026,0.018535971641540527
VGG19,fine tuning FC,0.7634999752044678,0.5298183849453926,0.7825203537940979,0.4109284281730652,0.11888995677232739,0.019020378589630127
VGG19,fine tuning FC,0.777999997138977,0.5038846857845783,0.7953628897666931,0.4050409197807312,0.09884376600384714,0.017362892627716064
VGG19,fine tuning FC,0.7869762778282166,0.4991094555173601,0.7916666865348816,0.4134241044521332,0.0856853510652269,0.004690408706665039
VGG19,fine tuning FC,0.7770000100135803,0.5034675669670104,0.7832661271095276,0.5528327226638794,0.049365155696868945,0.006266117095947266
VGG19,fine tuning FC,0.8000000119209291,0.4746458581089973,0.792682945728302,0.5269333720207214,0.05228751391172415,0.007317066192627064
VGG19,fine tuning GAP,0.7763755917549133,0.5136955765116883,0.7681451439857483,0.3328043222427368,0.18089125426895147,0.008230447769165039
VGG19,fine tuning GAP,0.7770000100135803,0.509242527782917,0.7886179089546204,0.6772260665893555,0.16798353880643846,0.011617898941040039
VGG19,fine tuning GAP,0.7919999957084656,0.4746517983078957,0.7983871102333069,0.6881993412971497,0.21354754298925394,0.006387114524841309
VGG19,fine tuning GAP,0.7910000085830688,0.4797361122071743,0.7774389982223511,0.5568968057632446,0.0771606935560703,0.013561010360717773
VGG19,feature extraction without data augmentation FC,0.7581505775451659,0.5544554663682568,0.7816455960273743,0.5127048869676227,0.04175057940063409,0.023495018482208363
VGG19,feature extraction without data augmentation FC,0.781663715839386,0.5046181700913196,0.7863923907279968,0.5013860054785693,0.0032321646127503323,0.00472867488861084
VGG19,feature extraction without data augmentation FC,0.787788987159729,0.4830857316122958,0.7895569801330566,0.4855721360897716,0.0024864044774758343,0.0017679929733276367
VGG19,feature extraction without data augmentation FC,0.7911480069160461,0.4762208345873369,0.8022152185440063,0.47766555487355106,0.001444720286214174,0.011067211627960205
VGG19,feature extraction without data augmentation FC,0.7919383645057678,0.4653942601244056,0.8022152185440063,0.475273597655417,0.00987933753101139,0.010276854038238525
VGG19,feature extraction without data augmentation FC,0.7988539934158325,0.4570989266046774,0.7990506291389465,0.4722094831964638,0.015110556591786395,0.00019663572311401367
VGG19,feature extraction without data augmentation FC,0.8002371191978455,0.4504929103657994,0.8037974834442139,0.4666791622397266,0.016186251873927193,0.003560364246368408
VGG19,feature extraction without data augmentation FC,0.8018178343772888,0.44738709830620665,0.797468364238739,0.4836767149876945,0.036289616681487835,0.004349470138549805
VGG19,feature extraction without data augmentation FC,0.8077455163002014,0.4357676046729865,0.7990506291389465,0.4635888321112983,0.027821227438311835,0.008694887161254883
VGG19,feature extraction without data augmentation FC,0.8095238208770752,0.4324883256851744,0.7990506291389465,0.4631346430205092,0.030646317335334794,0.010473191738128662
VGG19,feature extraction without data augmentation FC,0.8120924830436707,0.42812073495731456,0.8053797483444214,0.4594966012843048,0.03137586632699024,0.006712734699249268
VGG19,feature extraction without data augmentation FC,0.813673198223114,0.42602520122332105,0.800632894039154,0.4570145084510875,0.03098930722776644,0.013040304183959961
VGG19,feature extraction without data augmentation FC,0.8148587346076965,0.4231471564695077,0.800632894039154,0.4572987596068201,0.034151603137312414,0.01422584056854248
VGG19,feature extraction without data augmentation FC,0.8168346285820007,0.41910600158165295,0.8022152185440063,0.4580478343782546,0.03894183279660163,0.014619410037994385
VGG19,feature extraction without data augmentation FC,0.8207864165306091,0.4156167388103668,0.8022152185440063,0.4669173573014103,0.051300618491043504,0.018571197986602783
VGG19,feature extraction without data augmentation GAP,0.74590003490448,0.5539298664261009,0.7626582384109497,0.5326568454126769,0.021273021013423987,0.016758203506469727
VGG19,feature extraction without data augmentation GAP,0.7646710276603699,0.518025445045395,0.7848101258277893,0.5230760046198398,0.0050505595744447795,0.020139098167419434
VGG19,feature extraction without data augmentation GAP,0.77415531873703,0.5070435000111335,0.7863923907279968,0.5116987852733347,0.004655285262201159,0.012237071990966797
VGG19,feature extraction without data augmentation GAP,0.7810709476470947,0.4996264236667273,0.7863923907279968,0.5082423894465724,0.00861596577984508,0.0053214430809021
VGG19,feature extraction without data augmentation GAP,0.7842323780059814,0.4948435415541601,0.7863923907279968,0.5039035851442362,0.009060043590076061,0.002160012722015381
VGG19,feature extraction without data augmentation GAP,0.7862082719802856,0.490592805426174,0.7848101258277893,0.5006920525544807,0.010099247128306676,0.0013981461524963379
VGG19,feature extraction without data augmentation GAP,0.7871962189674377,0.4873655684567609,0.7768987417221069,0.4993235240631466,0.01195795560638574,0.01029747724533081
VGG19,feature extraction without data augmentation GAP,0.7879865765571594,0.4842294159319014,0.7768987417221069,0.4959699998173533,0.011740583885451905,0.01108783483505249
VGG19,feature extraction without data augmentation GAP,0.7881841659545898,0.4805298486356089,0.780063271522522,0.4923179577800292,0.0117881091444203,0.008120894432067871
VGG19,feature extraction without data augmentation GAP,0.7899624705314636,0.4773741576116186,0.7879746556282043,0.5019005316344998,0.02452637402288116,0.0019878149032592773
VGG19,feature extraction without data augmentation GAP,0.7909504175186157,0.4762636191570295,0.7816455960273743,0.4902865275552002,0.014022908398170664,0.009304821491241455
VGG19,feature extraction without data augmentation GAP,0.793914258480072,0.4732453898331483,0.7816455960273743,0.4908243164985995,0.01757892666545119,0.012268662452697754
VGG19,feature extraction without data augmentation GAP,0.7917407751083374,0.4725562696917635,0.7863923907279968,0.4869267327498786,0.014370463058115068,0.005348384380340576
VGG19,feature extraction without data augmentation GAP,0.793914258480072,0.4699650836530304,0.7863923907279968,0.495890633780745,0.02592555012771458,0.007521867752075195
VGG19,feature extraction without data augmentation GAP,0.7929263114929199,0.4692887004904303,0.7863923907279968,0.4842950096236,0.015006309133169693,0.006533920764923096
VGG19,feature extraction without data augmentation GAP,0.7949022054672241,0.4667091060417298,0.7879746556282043,0.4829000413795061,0.01619093533777627,0.006927549839019775
VGG19,feature extraction without data augmentation GAP,0.7964829206466675,0.46606605117958394,0.7848101258277893,0.4817411754327484,0.015675124253164474,0.011672794818878174
VGG19,feature extraction without data augmentation GAP,0.7982612252235413,0.4641039268262913,0.7832278609275818,0.4803784097297282,0.01627448290343686,0.015033364295959473
VGG19,feature extraction without data augmentation GAP,0.7974708676338196,0.4639607803773513,0.7863923907279968,0.4824797367747826,0.01851895639743134,0.011078476905822754
VGG19,feature extraction without data augmentation GAP,0.7970756888389587,0.4631169752225742,0.7848101258277893,0.4787375953378557,0.01562062011528148,0.012265563011169434
VGG19,feature extraction without data augmentation GAP,0.7956925630569458,0.460951754331259,0.7848101258277893,0.4787971665964851,0.01784541226522607,0.010882437229156494
VGG19,feature extraction without data augmentation GAP,0.7958901524543762,0.4601026591376527,0.7895569801330566,0.4767419361992728,0.016639277061620106,0.00633317232131958
VGG19,feature extraction without data augmentation GAP,0.7990515828132629,0.4584310351536223,0.7863923907279968,0.4772170834903476,0.01878604833672526,0.012659192085266113
VGG19,feature extraction without data augmentation GAP,0.7994467616081238,0.4593730063229723,0.7863923907279968,0.4750892363394363,0.015716230016463995,0.013054370880126953
VGG19,feature extraction without data augmentation GAP,0.7996443510055542,0.4571705974713542,0.7895569801330566,0.4764863710991944,0.019315773627840205,0.010087370872497559
VGG19,feature extraction without data augmentation GAP,0.7992491722106934,0.45581798957661895,0.7911392450332642,0.4742475133153457,0.01842952373872675,0.0081099271774292
VGG19,feature extraction without data augmentation GAP,0.8026081919670105,0.4546583344862881,0.7863923907279968,0.4789140645084502,0.02425573002216208,0.016215801239013672
VGG19,feature extraction without data augmentation GAP,0.8006322979927063,0.4540686706054166,0.7895569801330566,0.47619202374657504,0.02212335314115843,0.011075317859649658
VGG19,feature extraction without data augmentation GAP,0.8026081919670105,0.4533744828546973,0.7895569801330566,0.4719821141113209,0.018607631256623625,0.013051211833953857
VGG19,feature extraction without data augmentation GAP,0.8061648011207581,0.4534767635536156,0.7958860993385315,0.4807593249067476,0.027282561353132007,0.010278701782226562
